{
    "login": "facebook",
    "id": 69631,
    "avatar_url": "https://avatars.githubusercontent.com/u/69631?v=3",
    "gravatar_id": "",
    "url": "https://api.github.com/users/facebook",
    "html_url": "https://github.com/facebook",
    "followers_url": "https://api.github.com/users/facebook/followers",
    "following_url": "https://api.github.com/users/facebook/following{/other_user}",
    "gists_url": "https://api.github.com/users/facebook/gists{/gist_id}",
    "starred_url": "https://api.github.com/users/facebook/starred{/owner}{/repo}",
    "subscriptions_url": "https://api.github.com/users/facebook/subscriptions",
    "organizations_url": "https://api.github.com/users/facebook/orgs",
    "repos_url": "https://api.github.com/users/facebook/repos",
    "events_url": "https://api.github.com/users/facebook/events{/privacy}",
    "received_events_url": "https://api.github.com/users/facebook/received_events",
    "type": "Organization",
    "site_admin": false,
    "name": "Facebook",
    "company": null,
    "blog": "https://code.facebook.com/projects/",
    "location": "Menlo Park, California",
    "email": null,
    "hireable": null,
    "bio": "We work hard to contribute our work back to the web, mobile, big data, & infrastructure communities. NB: members must have two-factor auth.",
    "public_repos": 147,
    "public_gists": 12,
    "followers": 0,
    "following": 0
}
